,Bus 12 (Safe) #000,Bus 23 (Safe) #001,Bus 31 (Safe) #002,Bus 14 (Safe) #003,Bus 12 (Safe) #004,Bus 10 (Safe) #005,Bus 18 (Safe) #006,Bus 23 (Safe) #007,Bus 17 (Safe) #008,Bus 22 (Safe) #009,Bus 17 (Safe) #010,Bus 4 (Safe) #011,Bus 1 (Safe) #012,Bus 7 (Safe) #013,Bus 27 (Safe) #014,Bus 31 (Safe) #015,Bus 28 (Safe) #016,Bus 25 (Safe) #017,Bus 21 (Safe) #018,Bus 16 (Safe) #019,Bus 20 (Safe) #020,Bus 33 (Safe) #021,Bus 1 (Safe) #022,Bus 28 (Safe) #023,Bus 19 (Safe) #024,Bus 8 (Safe) #025,Bus 3 (Safe) #026,Bus 13 (Safe) #027,Bus 19 (Safe) #028,Bus 27 (Safe) #029,Bus 9 (Fail) #030,Bus 16 (Fail) #031,Bus 6 (Fail) #032,Bus 25 (Fail) #033,Bus 7 (Fail) #034,Bus 8 (Fail) #035,Bus 2 (Fail) #036,Bus 5 (Fail) #037,Bus 29 (Fail) #038,Bus 19 (Fail) #039,Bus 9 (Fail) #040,Bus 13 (Fail) #041,Bus 25 (Fail) #042,Bus 21 (Fail) #043,Bus 5 (Fail) #044,Bus 29 (Fail) #045,Bus 11 (Fail) #046,Bus 26 (Fail) #047,Bus 13 (Fail) #048,Bus 3 (Fail) #049,Bus 20 (Fail) #050,Bus 28 (Fail) #051,Bus 10 (Fail) #052,Bus 32 (Fail) #053,Bus 21 (Fail) #054,Bus 6 (Fail) #055,Bus 11 (Fail) #056,Bus 19 (Fail) #057,Bus 18 (Fail) #058,Bus 14 (Fail) #059
Bus 12 (Safe) #000,0.04136194657777012,0.08718429032212799,0.3611032671543642,0.17210313226311758,0.23302363712143948,0.09392275368013021,0.11978162926760227,0.0024938288731873514,0.19794923975574674,0.2390008703094168,0.042113739376854975,0.1274739871932351,0.19000932857867364,0.10676963037179482,0.11140728422680034,0.022271582559199588,0.08744811405578251,0.06617789043736737,0.12796299857586327,0.1984682654063424,0.007029156970191197,0.04613968296083518,0.015950376135510577,0.06307666746042163,0.05978381323236463,0.03724324198261392,0.17329212530829685,0.23808427741400334,0.26356115128938157,0.02234997299654672,0.02675078434804712,0.03940336348956741,0.05122000380862541,0.013706111367912662,0.06625623362365796,0.486093637750578,0.011375620601841194,0.01423727096889876,0.27264228570845683,0.07568151014802638,0.0009157937593482417,0.22829532704949682,0.2844566454772765,0.008175309846937276,0.4935107659626776,0.05941735548207938,0.00017396949210387891,0.0964832770323925,0.33125669764901916,3.2118221134297214e-05,0.16049630270003445,0.07396612702182748,0.12980071552257516,0.13072013927978873,0.08491797179506916,0.13234671467631454,0.02742943863511251,0.0024753659180581145,0.2873432250616671,0.19221127162602158
Bus 23 (Safe) #001,0.0029107985393201077,0.06145702325331967,0.14686341333177275,0.2817390186063075,0.013205185849125063,0.33816597895023315,0.024843410945399276,0.04529197721317083,0.012230702595009735,0.1838838714068626,0.31648875341129973,0.1520123960355284,0.26852086816659204,0.001973177158474598,0.23484082939216822,0.013599361401118504,0.3812561140738123,0.04169795323861982,0.004691009549071585,0.41073684376660285,0.015071736214839329,0.08216108575056066,0.030004030827764403,0.004473785034175708,0.14717989087153888,0.004312102311141305,0.012928712697818388,0.03932145983256852,0.07921833496532722,0.08360819154460397,0.0002549291898934082,0.0034970460587453117,0.2660940709546272,0.2723428298811593,0.03000138866442641,0.11885765008822433,0.034676779408170544,0.23634631425476393,0.039720428117319684,0.004816303489401732,0.08009204272833374,0.02874387914142083,0.007621734169585113,0.28841535342021796,0.006743046259607933,0.45048129328831327,0.12673293717769984,0.19863376177188302,0.28067965057382394,0.003102425508898812,0.29605452712356706,0.0028028730566734095,0.035743091100161085,0.0037749758924908693,0.19868611633887867,0.007059703590683295,0.020780498090377925,0.02021909676159106,0.011128004524520832,0.04483646154473572
Bus 31 (Safe) #002,0.051765681831262275,0.01425117701456931,0.18103049421380302,0.47216529244963235,0.2421528736406795,0.03126619189473942,0.23656277235453277,0.0011181179392084253,0.06021690775985253,0.0295239278365734,0.09682059025466881,0.018490844010649987,0.021204515587372644,0.10907579338739012,0.031622096467109444,0.45004690641447387,0.0017811099260008293,0.1255449453302515,0.9042823933790071,0.08502951847513435,0.02149023540400134,0.4669767659510123,0.021445414438773486,0.006990233874153142,0.010957371483836374,0.001842712619297426,0.02662134370364024,0.34597624966531776,0.013005820379672543,0.08464845661474384,0.0009613501635952423,0.002892306345008419,0.02591320992632646,0.011137964091726814,0.14940121055837663,0.024960131199386868,0.09615608606659207,0.06610244278809885,0.014123064635061685,0.0076065442266540495,0.020341765814389134,0.004084162016998082,0.057621575037178865,0.050596005969853856,0.011330797273620153,0.07003473219195692,0.3948705555088501,0.012754222713069042,0.012169133138782706,0.0225965908850349,0.26913003818809045,0.08759964198940108,0.15729997549677793,0.037817847493346664,0.008207933230871427,0.060728310164337114,0.11651360138157758,0.020246930544184125,0.007147269935398609,0.005512355847029438
Bus 14 (Safe) #003,0.04163158467019545,0.2663244113739369,0.610702856222648,0.023693056777868773,0.0003809467050570843,0.0021662354790228443,0.17015306225475713,0.11391263968385788,0.08840621050354971,0.07429890490554494,0.028374542553136962,0.12155778815423735,0.111268447735617,0.008338206569098642,0.015887474728315077,0.022010328921364525,0.07235387871608087,0.10118729719035147,0.23551282831282228,0.1301270255885369,0.0017098988150113386,0.050295220529178564,0.03601138193173482,0.2259414196384989,0.20337308897538736,0.022630463687514396,0.13190015612426992,0.05131094315405069,0.13961271961546715,0.022556568180583676,0.18239953092097694,0.03654684144648537,0.13648276034884257,0.40648952041994696,0.16631896130290452,0.17019506797356412,0.368425723703899,0.1160951260065177,0.14158754610254298,0.09496037890300624,0.007874791841119954,0.3990869424363279,0.17934191304068178,0.04565030663612029,0.08240744828955542,0.1313821472584098,0.07639035174734153,0.1915462484144543,0.022781267565398847,0.0973813186885219,0.024238010263818312,0.06707561321013145,0.22655935327039933,0.013614155849374188,0.2534223607993311,0.03503534459961101,0.010766308186329832,0.20693796629832817,0.73525338351879,0.38939400768732274
Bus 12 (Safe) #004,0.11461899468574631,0.02734309751193917,0.001759755208888061,0.0065505122836516496,0.14834756356161335,0.1854966923928036,0.20376666676627797,0.330551052538095,0.12912048405332782,0.05346419703083115,0.17895079894030783,0.0018875261250096559,0.271697566763768,0.0005301227125202233,0.09514648088851788,0.01678783852757745,0.004248098052221942,0.015268643595606077,0.020946046483748284,0.26461898038652854,0.003940774376904632,0.3663963815529255,0.003195663148563273,0.06122198644317656,0.0017069326698578584,0.12642546648590994,0.07595873440114403,0.2601786523177569,0.007995340907706998,0.06318888120449076,0.015009816257380439,0.11569493526359456,0.08272364548767286,0.000852621313809524,0.08289777303843218,0.13887776981081346,0.001213626380148539,0.04218875768579691,0.5500294829502987,0.07871208591054346,0.024985560529659806,0.18175843045210122,0.1183421716103535,0.21157832485318778,0.541733430017262,0.031498230392881715,0.05886968697146855,0.20239846841659073,0.04390824438275795,0.004840810208358031,0.0027013229173048214,0.19285142344670894,0.26129009383323,0.020077626236198846,0.03183986485500765,0.01606988461479869,0.09771181437688096,0.014414660870770736,0.011953103147086133,0.08513382392727653
Bus 10 (Safe) #005,0.1141289675900081,0.0007660025475244199,0.08080542975640764,0.667920707119228,0.07314257436660376,0.006227674040102524,0.11327782873677718,0.2562345343622725,0.025031643376852555,0.3466797613231665,0.017163982277127992,0.06254229558613075,0.09979159995411925,0.2982630637146554,0.009610778777871634,0.07867036933819146,0.010177195648463585,0.4056198258626749,0.06632268445413449,0.12395823967582373,0.008507896707240862,0.041266249991201494,0.6759043585691791,0.2806992590822136,0.08642577652928507,0.001965309037773019,0.0012117594035367589,0.20997006031352733,0.026930585077099882,0.022370136225163133,0.15483581872027133,0.034284270193598164,0.06792924986931782,0.00900793580955623,0.18641727186129314,0.2101683377114822,0.013504733164428793,0.0016516879511606348,0.016575952074618382,0.06632457404654443,0.4016976576566405,0.5259358862180343,0.0027053670994278472,0.051031034633495356,0.3170606973878636,0.05836928963271979,0.019316122639358613,0.01667183832622841,0.3165011109045267,0.736244654492642,0.1023749002847117,0.09923987750608111,0.010897281905137559,0.03286688264313276,0.31637974922169854,0.018662918847303266,0.20149152467219625,0.013512151911188075,0.035250664175239775,0.01889961303194122
Bus 18 (Safe) #006,0.019419760500002433,0.23302579726411043,0.38597693730727856,0.02089191117949421,0.0004369349106334898,0.012663641291648603,0.1410369542558032,0.021579778910453876,0.007967445625859713,0.000982649179489874,0.27405947413278103,0.06841719119736071,0.007583470056317508,0.271137115020537,0.18983094534695338,0.2730327612297441,0.013650853506390252,0.4555827744496434,0.15306756515104586,0.06821484396497396,0.008847960928585981,0.060547765029704034,0.00040924539006387446,0.0001714325780815586,0.0004889871609479008,0.04541549896148986,0.2082671437537024,0.14147729421973437,0.17269423870845083,0.06023586358029777,0.023406065012915606,5.938528221476628e-05,8.646774341614856e-05,0.1987057493569237,0.12465161717807262,0.004287971822253308,0.027201620310616615,0.049976819521803405,0.16135836191546118,0.45843929428217556,0.0008551055899554782,0.007468366145054266,0.25691415606666845,0.03641183428348966,0.2766453306249569,0.4200683326077219,0.04261927660256444,0.0005495884511110606,0.15363976425561093,0.15701434746861012,0.08875127561356472,0.6742282080840565,3.278062665597874e-05,0.03889076286121076,0.001999428277223199,0.012186557047407115,0.07158529173165758,0.0029408592350211467,0.00022609466686285168,0.02054715620779392
Bus 23 (Safe) #007,0.11225829098518242,0.008352093039677957,0.4959505306995072,0.13709191170147053,0.1579290156384538,0.0004963886143942502,0.03554566022064865,0.035049851389098524,0.3606602000943125,0.24080950236510282,0.30830051144590154,0.7353874309336483,0.036729315519727766,0.10167947679113536,0.2770248456585983,0.007374632516694678,0.2295466253302492,0.18271852336414887,0.3919456172919082,0.032044451925277086,0.08927762397073843,0.1755887620137131,0.002574958150460085,0.00015495103933834848,0.3544373135095451,0.008549494775740721,0.3889735154052292,0.025931238089545672,0.00954511520549983,0.13185781747433872,0.03446124289684156,0.07303926235791369,0.015267380876358275,0.0646373109855259,0.0064531183115441185,0.23677491223865813,0.028737863627165988,0.008747272070875048,0.01845540990546197,0.10336249638528688,0.01249670856138068,0.2216762535276368,0.02071349901154025,0.014679005042638665,0.14763608843176482,0.0029314250969475772,0.2835038945465146,0.27562873340014815,0.019527306427936642,0.3691456484089489,0.006932255765794013,0.04716212855294837,0.006157082291897691,0.03799963618318935,0.0008743408951808115,0.15456540630411753,0.2929929412149556,0.3294113151903086,0.02112000006145004,0.009053005964989482
Bus 17 (Safe) #008,0.2218133713256641,0.0238794775593843,0.05182273236499836,0.4955500561920826,0.2236119714437396,0.6244037135788496,0.21755147058422997,0.21589105055902508,0.02994086899433388,0.07890340732845601,0.0034316657146310006,0.02484663985781983,0.247675137061828,0.057917479065651506,0.11784564813428905,0.10157435380982938,0.14977930394170721,0.08308152245499613,0.06300225921684495,0.07327530706978311,0.016059770452715776,0.22599419436312376,0.01361592966678608,0.023896424663196848,0.014158691825214712,0.4426235310843649,0.5851182428563597,0.016636603876787164,0.03663014929947328,0.05336237622924099,0.14942072821051935,0.17403279989111833,0.003946592481548208,0.022327009070736235,0.010981519449403523,0.0017330191017651388,0.08700658344462309,0.0017256274374570087,0.009680475898060432,0.039247281609398506,0.21846537312029624,0.00044890425477737587,0.03885162671222903,0.0643260365419171,0.05448035623215204,0.22128608511401907,0.1616673427458862,0.509042652699285,0.16955969102444443,0.25217377713156514,0.13016306030639774,0.09907191452568792,0.03163439970197618,0.02407428540502833,0.18170688148133124,0.03721460759566267,0.5654833921280221,0.40915766067144443,0.0003427479667341216,0.04812893349862267
Bus 22 (Safe) #009,0.3290643780160354,0.2178517059387354,0.1986806792113246,0.005956586835044868,0.07023503919907444,0.21661247189563448,0.496460213783219,0.3882385716719183,0.27586774655453017,0.13296437979498912,0.0229422086293398,0.03609016148931726,0.11475963873871672,0.003502094641040347,0.22498459383999658,0.027408236900306946,0.007724899915543688,0.018835146396556326,0.02595951194472975,0.07447562428388607,0.7613645798990154,0.03768264915721749,0.07188108282979105,0.002823347906653455,0.17115079626316576,0.12502141483012744,0.11663787061113026,0.04876082101397616,0.03561527664387274,0.005064919149523798,0.1389379811071318,0.06017037078319904,0.014872436203331512,0.03297145616771304,0.14074742967773038,0.017071944527792485,0.29399630071064,0.26482662562523185,0.046960338579280315,0.17044563105026458,0.13937762702335835,0.1763737972363047,0.130188481327733,0.004923057454075354,0.04464768246171129,0.06600872283960932,0.027458606605059055,0.1894446561959462,0.000771962928274803,0.042264878589704714,0.04336656712321,0.07127226515132705,0.05019491134649852,0.03632761255378309,0.21938197397101594,0.17803234547413288,0.3956250114872445,0.3558277358035923,0.007396626679544422,0.1129201269776108
Bus 17 (Safe) #010,0.08507413783563084,0.03325742596979729,0.01724770064744709,0.3823239431014743,0.01082452054463732,0.07261681316455616,0.016678164442768324,0.06817077525141593,0.23128131652342146,0.54162615967412,0.10440954708847532,0.009808811169556234,0.17173584965474636,0.06048248919713098,0.2119371043932238,0.0835247041556805,0.38865678655527836,0.04107725326627033,0.01895476128795833,0.03916777522357126,0.15441675821517403,0.09089972483548128,0.1704013672927371,0.19152487113165803,0.017196772422620698,0.16923490772965089,0.0298896279874806,0.042222517393492434,0.02737131305064422,0.24455323298511933,0.29483783324785195,0.02216271853080875,0.023018301508041912,0.03979917925878816,0.08744495438505018,0.2494695544151867,0.3710363226933815,0.0026898397524808032,0.09491694909329537,0.012645068825548465,0.006983141608704235,0.08827473100290606,0.8349354142622247,0.04882617283155253,0.06861055107380758,0.21812166027432398,0.047726566405111456,0.015863693724197356,0.0011696570414110293,0.001813710476120388,0.01766866384928302,0.461774767607457,8.995246077191172e-05,0.06531330697039885,0.006795325432351663,0.07142942939658486,0.4537630696034321,0.2573313814704452,0.1551919714810339,0.021803286646964296
Bus 4 (Safe) #011,0.0005460467381405805,0.0020907404216397997,0.029006926247313634,0.0986357594262008,0.1709426491892567,0.4822034939754836,0.48944591967059176,0.30390399958736936,0.002486532669922489,0.11110767752435292,0.28894698929620327,0.13365850355362408,0.21352229998220365,0.01985160298376654,0.17317793412446675,0.014335276744115551,0.18121384234109578,0.11064829354976179,0.0010231535935862214,0.019155505735886,0.3165716821395992,0.015672823447003124,0.07785842290776981,0.026999640711794358,0.1298864313101313,0.673398720133193,0.0714060305659727,0.002394071015273924,0.0015653350919996945,0.2801876548948267,0.18558600632002661,0.10701605714579775,0.5532952208617274,0.06844267761990766,0.3185239563668625,0.01932949656066308,0.045477743140442714,0.02415950218111019,0.005039326640457663,0.04939325771681932,0.009341463421675316,0.44345007693324934,0.04552669800365952,0.017297462736325625,0.04948017021958469,0.07434958981073989,0.11120186385186015,0.07735262102398906,0.09005741808839343,0.3283333120121921,0.053220733860944745,0.0034233959236421576,0.3609260008758245,0.019348447037344993,0.4424073809745286,0.07339570013672383,0.35295195165118765,0.014273002268962137,0.018782763148670868,0.31722121806805986
Bus 1 (Safe) #012,0.11553613046096228,0.35741346001357654,0.0028479292857677974,0.00047461178380081814,0.06366835738379423,0.028824442630661293,0.3604808861406227,0.14510916372811944,0.06646085956097557,0.09609467977997116,0.5284601008879013,0.0027035972941931398,0.01643368409674752,0.5660773962669363,0.003277762235466873,0.12585942475991957,0.208583419308158,0.335628665894824,0.12148971300310274,0.13704997483552422,0.1252242757382648,0.015182519287518103,0.03694241015035702,0.014095309259086959,0.020996330605460863,0.016155700900050696,0.09163788186708414,0.042085604611766914,0.24637911756650782,0.24382038110916288,0.010882266828969188,0.005556489908063889,0.016576399174242223,0.2356295461135627,0.02913631739902894,0.045120513447237685,0.04789267288346845,0.3783153854639578,0.21897191144583422,0.027724711855805793,0.036452226746040615,0.08774475965289419,0.03227424888298628,0.1466894232111744,0.02839668518394943,0.031026516314108403,0.1100778044967678,0.1028035369913117,0.000394327283774319,0.2178757325112042,0.2123041617035307,0.02596785131756314,0.00509356316021849,0.35289830230195834,0.03621083188126166,0.216492521077301,0.05708271688301536,0.022712135971065153,0.2011266320095252,0.011942611116380033
Bus 7 (Safe) #013,0.06579026167644048,0.2595081932320208,0.00015240248107237448,0.05476821383752276,0.001219586333191424,0.19151235445647577,0.3764600806995207,0.01797462606746017,0.1802692217491506,0.06053438697479747,0.05831953007563668,0.0026840026521266734,0.0008003409942224038,0.040243077087554514,0.31439014545430655,0.08266091009058077,0.03808023606612365,0.18616238144516992,0.00011960370811490618,0.11715489629835234,0.10503924578678672,0.04205158843986115,0.001354132527003796,0.36189529226094486,0.2137529476145869,0.2924301220415882,0.14040076354794825,0.2373187469174578,0.22133555101691216,0.014516704767782563,0.0002991319730741334,0.2261007584777942,0.0032456664012987103,0.08711068890727684,0.01693707763302696,0.06276312079639917,0.08944516333211561,0.5208805950159626,0.021718476550709975,0.004570254523789065,0.07333772972546851,0.1132993422941552,0.03809018281763331,0.10486969774473641,0.046979429427527634,0.25618998538926185,0.03060757084541253,0.05215374134157791,0.057715914835349755,0.013387175959732248,0.4840297212611459,0.21331542429143466,0.01977848108895363,0.01622391575070679,0.081402185892206,0.14855533300872853,0.010706205559888098,0.046104844437181616,0.01358258639692358,0.5262563645297152
Bus 27 (Safe) #014,0.0006713151759005681,0.2544063086148828,0.11821470179951585,0.20004484414495585,0.20095391999508574,0.007884715818346436,0.24872343076823433,0.022156137785269044,0.004715141262617531,0.046127367740869236,0.004071489325227883,0.06573493318769077,0.017752130389350466,0.1921019492517289,0.061001674121196,0.048705045959330506,0.03627200217728742,0.46023134844269736,0.0016834659587227322,0.10880203728616109,0.036506205519223664,0.05601137512382018,0.5260913251740593,0.013529775239199696,0.40474923235270777,0.0855828819964317,0.11020858985688184,0.09444358592403959,0.11583124640037282,0.20510758289292663,0.08964981464875539,0.03988141283623582,0.1387411389889523,0.29809560697760806,0.005933521263927403,0.07295183711798087,0.005315384313976222,0.0070732456696327405,0.15602429761029396,0.01825620164020098,0.014126892840639973,0.08168093986979894,0.026983068050097658,0.01954933208067527,0.12040806274620679,0.024990615106668227,0.3396550408936049,0.0030043273662108084,0.10569330938305431,0.05638938739903401,0.15491502022062734,0.006447765380234353,0.12849109228280958,0.16564172765694823,0.04436360252725076,0.0564849145067337,0.10762080300592383,0.01481603639814376,0.1885399692862577,0.12819184214244936
Bus 31 (Safe) #015,0.29383201515734364,0.31952051098084444,0.031084549032372927,0.045658269413296315,0.0004371034438517585,0.004317859416332622,0.08498335730669268,0.01129996546447522,0.4920756251300916,0.06551154614943429,0.31558902253977666,0.22796365598797558,0.0362574120812651,0.45055761338845174,0.05342376262987857,0.07729271911231712,0.19035764418604392,0.0051621859586640185,0.28746932949745874,0.030729496100550823,0.6424151218992356,0.003944108372620282,0.23375791550660246,0.019850827072553468,0.08470681992193248,0.0030913503430831826,0.3884309357345022,0.5217198602360531,0.024239546129836156,0.387224468789088,0.346793170551905,0.6424048654213661,0.016958832865943806,0.04178099114434494,0.2988923848790071,0.41399740914264727,0.03169736764456098,0.014603861193182256,0.2624051882003268,0.008275915990174798,0.1296529949686734,0.017176073928988934,0.012595297420602967,0.29749083052092007,0.2898456601997683,0.09403252682981048,0.17833214537737782,0.05904721173307505,0.035052195778597195,0.10614769877407512,0.09392586624301151,0.08731835284928947,0.09255310366771922,0.23538314102877023,0.06783084119022319,0.2417113526714635,0.19068624193544537,0.06941815308366438,0.0802580769747962,0.010266977200054695
Bus 28 (Safe) #016,0.08402028349549442,0.12709217748707066,0.1824608862473235,0.005437057015341792,0.07092129465534636,0.19366338985501502,0.0001902134061984386,0.26640159530976626,0.44274099236680575,0.07288176494541926,0.0730354044689866,0.03659406589837881,0.5361125513268852,0.3186883526688501,0.015298091105774585,0.45560585562914313,0.006186704575975123,0.15379194102709617,0.39999067915432607,0.43366279352176956,0.01412440507634505,0.01828645313149996,0.19738990821293298,0.350781700569806,0.0325403513967708,0.24092576043899688,0.2264601135825195,0.002276432317998287,0.33854564326657743,0.13474917277416976,0.16613235568556706,0.002705435467435505,0.0005232157520210542,0.007084315777606872,0.43665705289005446,0.18471017300080533,0.06411878372678376,0.20640262439411702,0.009471181140586172,0.25486254395110924,0.34836258814909205,0.012867999654621728,0.006320020687514153,0.0003347976600625819,0.05268133429313546,0.12250902625023599,0.03701546397567124,0.004689613255171015,0.09899188182555395,0.2475268998719976,0.20268446722544442,0.03146080735485992,0.03607495649351082,0.006280536467808006,0.4527503442212371,0.07062625921361203,0.04202118839387305,0.006150329930073705,0.1715129789315373,0.2730025569279755
Bus 25 (Safe) #017,0.30508859128653726,0.006575535108244886,0.009110795507394343,0.5099718898686428,0.04476681236683153,0.011453180954228839,0.027081497128103878,0.309466225723433,0.1885995994541897,1.5712659792350622e-05,0.0033016697116223298,0.028652734270975158,0.17095859938204822,0.16548894042549375,0.4530666318489923,0.2217028720685595,0.018191606751734743,0.06460688355219875,0.1358540693028361,0.007282146727437216,0.22235943812134168,0.30889864601415234,0.2534504265197939,0.6261463228776871,0.5376493723256348,0.13181237543270155,0.08451163245647199,0.40919112043540234,0.007773100695330835,0.03258292013144047,0.1874475894830194,0.10777776698474995,0.11203531583563645,0.10002580514938887,0.19261669484630906,0.7294762434832296,0.018721706093767342,0.04009109060834503,0.18487737091143103,0.08397290119843943,0.11019945321100592,0.2182954101041965,0.39656673165512546,0.3692880675503919,0.09944209937228847,0.19641628096721284,0.21708471183225353,0.03561853476568877,0.05537272199844063,0.06617230135878614,0.08180780267874888,0.12315972872646166,0.11431582145302997,0.017495167348466928,0.5062523137682032,0.3352213409858451,0.009245937552478834,0.11490906667963052,0.012735622409925464,0.0729758160454177
Bus 21 (Safe) #018,0.4924412200077696,0.001190800216653979,0.03848985080663955,0.10564023956141752,0.1446075122459237,0.25391837069589934,0.0757398008766573,0.23228600004404273,0.3268878591727728,0.5832479658432328,0.10547230078997671,0.3113088809474201,0.41874099894825495,0.023371013920399794,0.1270293366012255,0.019398839030849765,0.02342649650848628,0.012959756919214334,0.03876655101907193,0.3335780772628655,0.017224166087992997,0.1125252407220054,0.023777511338959632,0.06011745410761478,0.007304019885120767,0.016629201029989868,0.14669303534480746,0.03268722856341403,0.02893006807213864,0.2441804827070506,0.0001252434483093201,0.06714897722140106,0.02087434546976552,0.014324160775544227,0.6787822047921461,0.009029521385265315,0.10732045704028535,0.033717098961981745,0.11446050416164598,0.0036845359859079344,0.0019159245272935247,0.17102157695343323,0.22161875790004665,0.039309952091531354,0.08368927955704435,0.0519634753859537,0.03166292185085612,0.5477835746435125,0.05250341617698585,0.012552886511641343,0.025157020004145665,0.14477861151724958,0.021762433368439187,0.4236563711800907,0.01666673448485873,0.05059253525206166,0.028380896460441524,0.002093802857504149,0.0006775161124502297,0.06635613282258396
Bus 16 (Safe) #019,0.1352471004688005,0.004736401212062905,0.00026915842187392975,0.02344579555572292,0.09429416032241109,0.00011494876019409148,0.18914689063393988,0.035326952903562685,0.05678741489723443,0.00268627161135614,0.17329792242123074,0.15724220528858837,0.0020437866823199828,0.1561451371580747,0.21317448840714467,0.020314227479031024,0.11594332286722772,0.022958168229412237,0.13953329252146005,0.05491789405625386,0.002262971378513114,0.0005840397276987333,0.0783436522326085,0.15420963260211648,0.11906350609911272,0.09962603749763396,0.11987500548349045,0.16742714122430175,0.10552615590588002,0.24754942127352986,0.025404353024205215,0.3058741004777845,0.06954453844177219,0.04947727516955901,0.21004982074671663,0.028524886870503197,0.09525363514810778,0.03216855141535618,0.019987677297349633,0.029221103060045807,0.25992781922641683,0.08022828971496646,0.015086032591783661,0.1277880358697377,0.0004311965229636943,0.13513946587278516,0.03970120208621968,0.11791575530689342,0.12930898487331552,0.08594959315397814,0.005223269659499487,0.17589560535992016,0.014913953436867374,0.0864283389957411,0.007181415659561903,0.5692663816656639,0.010042098677936002,0.5653379414094487,0.05818794321942973,0.36181158998569646
Bus 20 (Safe) #020,0.1975450394497096,0.08783687945830036,0.3197448904651957,0.265772218462043,0.07027394873225803,0.005614986695374007,0.4018994008031082,0.035872655330448,0.06367740295156107,0.0183082004385651,0.10255674518350046,0.07083151890608455,0.035901990924028404,0.4364096462212092,0.11752920819690074,0.055854709320098325,0.4156858990315061,0.01050424806015733,0.004237044675627586,0.06355261794826403,1.358922647216425e-05,0.04693184025585775,0.2427170846968354,0.043619800735955776,0.0017501977980019828,0.28763969674835865,0.04422378055935449,0.05438117265630232,0.07420080453217023,0.02222441728677604,0.15804916526950152,0.006648137333446351,0.005948133284203336,0.21006854714472062,0.0005316231444170936,0.043663064925605004,0.01036673480896073,0.20659426913245224,0.06004205841550664,0.0026171104436297607,0.06474419409677606,0.009708048142635206,0.0123689664078187,0.10683428305414647,0.03580832549489498,0.14878504655144298,0.12065610457716736,0.045082138157924966,0.35107922404059005,0.01743721139302675,0.009359321206676348,0.1565520834508212,0.09067729887010773,0.04878533925245573,0.010483632860703996,0.01650381489425138,0.4550521620209692,0.05924036790876854,0.01792804835112534,0.12526580781205626
Bus 33 (Safe) #021,0.27890636934938917,0.007990312985140444,0.05317204458222714,0.2528329300254638,0.08448653188831418,0.31178922565813755,0.18063341170536878,0.009516429168652715,0.020650613835309063,0.043270708662394644,0.20126646550166516,0.18602997912394897,0.13662988822132402,0.5095435215893458,0.0003459307056822823,0.07700729495247752,0.007911291577240107,0.06356531998757245,0.2178904054343777,0.3950185809230912,0.4327299944893304,0.0004276738212389426,0.1855789035280717,0.380093101637783,0.2255367091543796,0.45090249475066446,0.0015060219348913156,0.07759203185599857,0.09696364627468786,0.014105039314756903,0.3719417150043095,0.325346234340112,0.007273800597226911,0.02481125399903026,0.005293822952338305,0.4275740623426743,0.02541669150820372,0.22143590447704092,0.08694556895465855,0.028340194814333124,0.0032720385552791886,0.009401400290191073,0.23636251461087454,0.17561464773169813,0.028208328940223702,0.03327413594548663,0.0005036051636196322,0.09693850298131149,0.004046470471269643,0.0010723068983352932,0.08606742372366066,0.19631025850504613,0.10033433120780333,0.13107153976730704,0.005153001038764092,0.13434923369415305,0.06556925955121788,0.2514578681594999,0.03611012227615818,0.02541346681707885
Bus 1 (Safe) #022,0.007987826316952168,0.01348382148168189,0.8509628714660661,0.028695666971059654,0.0976844074399505,0.18016031806097776,0.0441347681062762,0.08931567028658668,0.03010503285070568,0.004707401275827917,0.056902437304075036,0.048176536124061996,0.2291305361001869,0.06491164411289732,0.02105039420564986,0.23272565225248354,0.14223980007070178,0.09247462544446874,0.01492987621691409,0.07123816918075622,0.36895416136297843,0.03973550086323248,0.02730788501961428,0.02761047376254474,0.14785110768682225,0.07038683865470827,0.016686093806139404,0.08300438412465465,0.12778087208946995,0.682332141364902,0.21799502536599902,0.7658788454918773,0.010549333677046541,0.03510065242622427,0.005680592179704156,0.18870987777826834,0.10909429118733302,0.06515506590770785,0.0011881858380554848,0.18731350464650687,0.34756317936527154,0.01349320409440154,0.0280259486329132,0.2228705266985564,0.04270387502847665,0.031011925298553778,0.35053689916894293,0.01913394300022391,0.01982330540416582,0.36520561762220904,0.8713464974728901,0.008681895634965422,0.621811814613561,0.04553699887893476,0.015195926495914617,0.054175780591912824,0.13979635817053238,0.06670709578751444,0.002712777826456928,0.07303010200256661
Bus 28 (Safe) #023,0.010772016031257804,0.01771573353791605,0.06014178832324411,0.011730813305354732,0.05446671792014858,0.004446396270790182,0.1426330128961193,0.027437168698809827,0.008311216318136257,0.08074027665392737,0.023757055782058452,0.01906734791953745,0.16952773589017125,0.058979262808620155,0.030560262394826742,0.06673101721896682,0.15487024863321722,0.06481441472690258,0.01623709301981301,0.013566776284641768,0.025815572216485335,0.011291697213421287,0.0073769702066857346,0.03228233064955111,0.03957373561803514,0.00038599634628652923,0.05105172114329461,0.12653257629493014,0.3689853792868625,0.08280452217746492,0.12576625381684747,0.4432196752719427,0.003320548214658381,0.48444687733154906,0.008749012941848523,0.026847067604541624,0.13496871674667427,0.345044848970875,0.17152965303684295,0.14081675727505827,0.03593025514198749,0.031675466435023704,0.09550918072468775,0.2858952448387776,0.0034388714933506655,0.16262470934450615,0.01920361580177604,0.003399330982492075,0.36745455064390986,0.04643149694540517,0.4209119247611412,0.046449711962641645,0.33284832527192915,0.01891860502630894,0.19784081302989698,0.003739216375046992,0.027965242831443513,0.0833336960406569,0.2614894305964528,0.23805670547029484
Bus 19 (Safe) #024,0.16517524727526492,0.3477527739457361,0.07884891877158036,0.023015680263515494,0.00422415140324078,0.20578013949366208,0.4684793614365944,0.2784524672132266,0.014237503779906402,0.058172273080212646,0.18987569427866025,0.20724577795051086,0.05565177509147269,0.11340418303454461,0.08653059927545649,0.02422348634845445,0.04132056431715571,0.09589176119543316,0.10569852110146694,0.014249913345527259,0.10010858570047125,0.5655395971737881,0.5652491023684458,6.604374656770297e-05,0.029489322959930314,0.06452041125699487,0.02471521437413428,0.6928048574726243,0.13317022227668918,0.14835183294127713,0.6495610525443998,0.39487853565291886,0.13491808685570525,0.1745911192870622,0.05705650810507879,0.3023322742080897,0.0027183186771473217,0.053656390224268574,0.07549723606461534,0.1598977869196689,0.05388230663263548,0.06584065712740665,0.06912869648474064,0.0832528929794548,0.0016837739835942134,0.5678355826766235,0.031221044295535474,0.024993557982684385,0.05556560535871128,0.20852620127274474,0.33025924235221904,0.27283024785285886,0.08419952944941349,0.07183873998232673,0.007488933312929773,0.048907641867545475,0.25185682216407096,0.05092681138380724,0.11032485671871535,0.04676715016242537
Bus 8 (Safe) #025,0.08566814651362621,0.03600339897409413,0.03664268240327621,0.06875944742888235,0.037470287529781654,0.017727335715673243,0.006640587827744389,0.05768029258921359,0.2698455349218686,0.010671924975734283,0.3035403829754219,0.007445895173165264,0.024449272105168042,0.03411363886556412,0.11934226680544814,0.2333220725781447,0.004689687349628278,0.19880285021321248,0.0008159148013726646,0.3961106694841798,0.17961368272445072,0.0003215364319458656,0.20540185166112826,0.23407610309814852,0.4881674974572722,0.02135033817096932,0.0036262207868063747,0.018073855762539427,0.0008028041083263914,0.04267907264229354,0.003147678873264897,0.007264733185412983,0.09292246824625966,0.05236530004643631,0.002832413636274885,0.11331237839543568,0.006454989988357139,0.07104937461791298,0.2971358271612107,0.0034196935612260003,0.4078678383903501,0.002957333405290311,0.045059240448754846,0.04323785187918275,0.6122681820720628,0.04800070894358357,0.10503418411618384,0.00960679969978381,0.12461898585095446,0.38400944889169825,0.24412411783296112,0.14288738164975268,0.4481785054777506,0.007280950031398329,0.011979222133706962,0.45420150949504134,0.15313383696918523,0.15286384129539077,0.005181524569576766,0.02481360887059363
Bus 3 (Safe) #026,0.07397728912718957,0.01263485076651493,0.019715527363390887,0.012773613754712558,0.047438101900752365,0.6878195889363062,0.11029524589190041,0.14838499591890347,0.04068158801555455,0.4060695427665185,0.12499166311337243,0.08113170596215526,0.008485654231793736,0.17010028470251778,0.16122899161586826,0.03769340504194842,6.785812081126141e-05,0.125798404215393,0.07075707965208959,0.03321037551741187,0.050540723850957564,0.09608813398419512,0.03553293388332647,0.03950997836576484,0.0016110632102124516,0.07495484080225216,0.03182153398238089,0.31114507964407817,0.6546340597427216,0.1346084445483342,0.0026270502175719784,0.01305508702709015,0.07204095017833569,0.004411039117561133,0.019224813657605807,0.0572467165212791,0.03419559937770405,0.02407169872121331,0.27944938295758326,0.03716069945659382,0.0057216012406993665,0.013210469966387863,0.2738910391151244,0.02335436482597028,0.03815509422802786,0.1286712620514171,0.2049879431983055,0.016456545548512863,0.31821764751479,0.0018672783156719682,0.09337132582486284,0.46186743007510994,0.01054904405114013,0.11058243778111815,0.09599293814360928,0.0035523330670548217,0.7069466385943546,0.06466326319598999,0.0013629840863480652,0.03039869215606951
Bus 13 (Safe) #027,0.12651808133634906,0.019571308185211106,0.18257474203886437,0.2365796264081335,0.046688099577357624,0.013790537416964637,0.013090044653883507,0.18842002852609344,0.3577268544492324,0.11970836135454294,0.002057247723146265,0.005402796058550053,0.025612678581976626,0.15101161824670434,0.3871166088954466,0.01999810344110657,0.06655982815943189,0.026179979181264478,0.1511569267725839,0.028998573082081543,0.09504411618587907,0.017428944154571715,0.009362589047552022,0.018980710409599838,0.05611476733354637,0.03201367937262757,0.12064843360936303,0.21086157137763326,0.016241591487741267,0.7788009851055264,0.016548932530581737,0.3285342821312675,0.03498805479865507,0.012479135302715884,0.12622140637455548,0.3330265144945628,0.13247253879760013,0.015575036677656643,0.4742881611420747,0.021121891896091344,0.07429526380632616,0.1583255828462628,0.24228433433925722,0.2137800363336296,0.025925195265238746,0.00467618865644128,0.05374315475842819,0.5926943298245487,0.26305972268605704,0.19253296055050773,0.0869950986576036,0.006088716850900277,0.231565593615068,0.28244403737139206,0.1524412980532927,0.3072852572989214,0.008629440511487592,0.01257297419387709,0.03840662281434362,0.1925432383374388
Bus 19 (Safe) #028,0.11323119576258843,0.006840425162731591,0.13616279954978186,0.04697045463664679,0.2125817326167221,0.036910517603899594,0.2606565505925721,0.00526535825102901,0.14809018663123721,0.2100729227653106,0.16370558197036184,0.07114794891991322,0.06101260148993157,0.10180015646640997,0.3997435402948005,0.005192104396942509,0.09941115253656367,0.167464309070788,0.02136772177924914,0.03513199604301441,0.019658757613226288,0.15695705304352797,0.19208929593593194,0.024862868822852557,0.04617171691224668,0.026388569148700223,0.18517968869325288,0.021881026489768397,0.39026104487679547,0.2276734984813617,0.005215602080494341,0.20730924883727167,0.007326787782323918,0.0937167637110455,0.24277778403750466,0.2911020041280672,0.1880637610745855,0.11349923420682405,0.026747984075556445,0.0025558902797821258,0.31498107052047397,0.04394523782695902,0.004285996379999255,0.7209113379437881,0.3351063454169338,0.19706839031399587,0.0020514896762561857,0.0069696706223523145,0.22495620734050725,0.005648462329710156,0.02909962344527758,0.04502445774729767,0.27735403647710527,0.27825357922300425,0.13547962797147853,0.03620994648671254,0.1500485088019222,0.06388879757180801,0.0933889709866269,0.128589392644564
Bus 27 (Safe) #029,0.16071266472006113,0.05455456133145271,0.02851077100900172,0.0004446174315318033,0.2872628752193654,0.12471739590092615,0.004180981416376118,0.12289486966898092,0.12786711811909104,0.0008370314971559939,0.015023752337054563,0.06224555805614842,0.14534370990794268,0.09611204952416055,0.007000980192085242,0.026833039225353895,0.0007109045730656738,0.10025362834465583,0.006772235222398569,0.041476247402534576,0.13876058022840165,0.22496790494982022,0.28712247411425273,0.001227981959336778,0.2161970135872434,0.0016957134335201995,0.29083279635843384,0.3272609786326117,0.001174811374906304,0.0010622378564494536,0.06477225704449532,0.045720548745236594,0.27476882854365214,0.0008744243296871836,0.027624241962864192,0.0017472508471430889,0.07585563034711656,0.011106063728023904,0.6701165601377261,0.008162411185741951,0.06797249086613158,0.29743073524793506,0.028574062221523533,0.1379905119280686,0.03878480496910182,0.402490616848749,0.007368733642347495,0.04948711428499716,0.12325582083174573,0.09952982972643909,0.1842222182961144,0.25298256309905975,0.1868905579780133,0.004723701424806757,0.5524813566749727,0.5125239119211388,0.4107021185576948,0.03426813324387516,0.42978945421655723,0.13836348589897
Bus 9 (Fail) #030,0.0010227583068509764,0.008402816850441227,0.0187415155553062,0.00979838695352199,0.3515801849849288,0.020195433644105164,0.013421583245731653,0.002655897410737182,0.10381273110915552,0.19225959883098925,0.2371008479895845,0.21280776251989014,0.007105484447736737,0.4187691338049476,0.03351058851718539,0.04021066442499456,0.08147188399256633,0.0737037962146958,0.06783509538866758,0.2955408080812445,0.002553651352593504,0.00019849569094280937,0.006424099173661627,0.07320553886218188,0.008352562582640532,0.0850585172855628,0.03456121226333224,0.010478636188515833,0.12856466944309042,0.034011264191557,0.0008603633436004782,0.09001380778818686,0.07416680844525111,0.18376040904590102,0.2671236238657183,0.02279754181759408,0.11797706221349497,0.00829182911930025,0.18966068781300208,8.94703580688012e-06,0.1965312323233718,0.09994821013710836,0.46677254110127986,0.005503381023604301,0.13141025790677738,0.3915586566738786,0.6135177502795672,0.29384387717243454,0.12299498435984016,0.12018135896349803,0.5527673209798268,2.3355925963588644e-05,0.2909001597390576,0.14693398662599144,0.03493732492507185,0.05529591833169302,0.08955447102184812,0.2203009985154674,0.08620833393198685,0.010313888725090904
Bus 16 (Fail) #031,0.06689863844839129,0.018414142298595615,0.05895516536236559,0.03637755269435345,0.010558413695685475,0.005987635031303347,0.002249159450781039,0.0010329940684255829,0.06291587153119012,0.2632856362665228,0.06797486346760656,0.04261472341799494,0.11758078270316502,0.17395997611740835,0.020232868903661962,0.09528685447600538,0.07897963504007172,0.013707713902478318,0.0003891670041455355,0.16293493275770718,0.07983356102082137,0.2553663942261569,0.18497169313533918,0.06970148619199336,0.024149693258120067,0.4526830663714459,0.308233910735379,0.014697761645417006,0.005042585470856715,0.13826134588960926,0.04822239797713145,0.0789761646180562,0.1350963778538895,0.14965337018937547,0.1196488904067899,0.0006718956909372741,0.26344495672485196,0.027973746444908843,0.024214561963340674,0.36912080983244483,0.1004206998329111,0.016981009553099575,0.10648406087889895,0.06903505001640137,0.0221330542772703,0.0446654466924878,0.0002857204592651445,0.41739233392137354,0.19066701601055155,0.005137923214219015,0.0010243219613281721,0.00038320524255909283,0.04048293425376122,0.04926299739734848,0.001571190770561965,0.006174333656595265,0.0273960845503548,0.1859309950853164,0.0033139030163098805,0.04310979202679714
Bus 6 (Fail) #032,0.4181501237160975,0.09120174846374024,0.658715938412359,0.013752323214605853,0.052633256488877206,0.21071345159657567,0.06477827219412122,0.4740333405481284,0.14801181228237606,0.03688013655347318,0.10130939314037996,0.33076642470326645,0.059985722376686285,0.26928897058682266,0.12584673329483606,0.002502515643241254,0.04098102704336531,0.0770797643371391,0.0060391406458457225,0.15754834692639946,0.18972584145297489,0.0009167994084831297,0.003780572785793936,0.05852029436752505,0.0547162484905102,0.5545192889118806,0.20256224949269258,0.15026462399456428,0.007406277262884367,0.12257600916651593,0.16194810904633888,0.3646439676135496,0.19829647320780086,0.19598105411633193,0.08613924440464757,0.1182473699218271,0.0009264440933828982,0.10828666813307308,0.018295630074942462,0.17019341975728206,0.05103567557753144,0.22848975822189105,0.007177499289736759,0.002855008936182805,0.6879576712531787,0.2212895856681647,0.3328574147091835,0.03995270787872994,0.005430262882190988,0.2059332037306611,0.08421633261721843,0.3527552332735128,0.08706951436345764,0.6062695086354924,0.08861040106666224,2.525078719182847e-05,0.16802017908896916,0.02954360450113148,0.005196036277610061,0.10308580632626699
Bus 25 (Fail) #033,0.025206360542723495,0.3947526163248095,0.0031236307819025692,0.24596865717894706,0.08693167228738127,0.06164557154524658,0.347498337962953,0.13309730890578553,0.006430632121012686,0.0041217574809410415,0.03982109357660853,0.06697715799039723,0.672064957801092,0.10871788654703628,0.24160513955931182,0.23255700477823982,0.7544292262352965,0.34172291549014755,0.207133530005239,0.07301134115455381,0.012587020637637256,0.06713204489872195,0.21886145917514171,0.01059702865294306,0.08948936572341036,0.08275044121660685,0.351111432418777,0.036806620234397514,0.15523265607335443,0.14813216868019827,0.13860815221440748,0.28999353650256776,0.003988524267838332,0.04304525181515177,0.012115173691475635,0.34994923127409266,6.932863241083209e-05,0.24571913650354504,0.06058153827851983,0.0716858070973034,0.01700039202783574,0.04826540706403994,0.08140022164348827,0.015574874056850947,0.398437926867975,0.11818456365883576,0.2910605011326549,0.2587948592539645,0.05451972816189863,0.3449380912401385,0.16047324677864439,0.016496316931570155,0.21891727557964405,0.11990165995841916,0.08352810910140385,0.03423795257942535,0.3497904525868397,0.26312095960976345,0.023042906754890374,0.016338780317699718
Bus 7 (Fail) #034,0.4063673468226428,0.05943053315097096,0.033731781585665775,0.02060371672620356,0.0022585527733553013,0.0663036073279438,0.12310467657942667,0.348910340576287,0.011384896793296483,0.23448231295420138,0.22168829609560844,0.06675308866394619,0.005078776643970427,0.0313152653679969,0.238014754508973,0.016932896223737625,0.057278984945890815,0.025958712096582383,0.012274821951257509,0.2622611305629643,0.10073669849131768,0.07600387549488759,0.07407060637527027,0.03275689896773905,0.028782250395078268,0.0111526983315271,0.02233833979890631,0.019055648708988702,0.030669042717316745,0.3033400406380213,0.01201581527843737,0.18659106850051452,0.0151035561744324,0.06126641149889304,0.003011184895611382,0.10404750685945265,0.08725653205189789,0.6234596005542538,0.09380011142907953,0.30535088592860127,0.25835524221800965,0.28896128354725076,0.09315760083302893,0.2716006759112805,0.09185475817612719,0.003093890928099572,0.0603444434527171,0.014874979678792153,0.04123729922985102,0.37596287871945927,0.2512532260628733,0.09092269203425589,0.07791863705093507,0.12303518222481488,0.07803080527672976,0.145973798914068,0.016709069630935144,0.08526731567213694,0.002843114141271899,0.036760135317625384
Bus 8 (Fail) #035,0.06306147298854359,0.08656262425606874,0.11468220790852365,0.001965967218915998,0.038875917400167145,0.364097890924269,0.08390341162384479,0.20468054584889744,0.01770194695220902,0.09135741688088297,0.39757054088045923,0.1149138966175256,0.09531956346642943,0.014924308594168859,0.20921035779583175,0.09187287246054225,0.2200789555534789,0.30590025436750223,0.052656564343234125,0.03127923465156625,0.491330804424869,0.3599547211699592,0.11028688234742924,0.2802032574940374,0.2407040770715592,0.062236286358015515,0.048874697905460576,0.09831041835524525,0.49275224146477953,0.021602465398855537,0.08965345362130114,0.024939816837497145,0.0039044327384664883,0.08574959652244953,0.02987438416094747,0.5455370937371602,0.08318092497259914,0.07425011627840926,0.17397653423278067,0.052137593799594824,0.18116880092742133,0.055052237367101374,0.3750533657560743,0.17349629787253404,0.017509622307065584,0.2471582175613414,0.6591589040756405,0.16427284661916616,0.046016999049119184,0.07991595988388388,0.0905721817587688,0.10977661365509593,0.23989391207862548,0.19219802764115623,0.13737425316627105,0.1703041552055229,0.3537079651387692,0.035148194837281245,0.009223600473908076,0.023470462049425468
Bus 2 (Fail) #036,0.0017278258701765128,0.004605881078420211,0.041483051028396764,0.10337705224521539,0.004907869319798707,0.11639988566962826,0.0767897689412778,0.0055502775559809914,0.1285604614485421,0.04329611619051271,0.6301111492749812,0.05119891084183159,0.020460058795743773,0.2655979169318225,0.0077397919841794525,0.11066448947097716,0.5769907550424387,0.005447511233034363,0.46229451235815194,0.20391078023012196,0.012202808456814533,0.031535020216599256,0.07229035229519454,0.4277231603689957,0.012494353226968251,0.3592024685283577,0.006634120323109199,0.009815033856901132,0.008302670657903723,0.10648039747508423,0.16564189285137715,0.22944551852227985,0.12609516632608514,0.005250598813175788,0.20619585035593357,0.01887614118969177,0.15361732111378623,0.008261393820424467,0.0007765922043590879,0.2589530147083699,0.3108655350152906,0.022592326282290614,0.04959347041163621,0.003313007143437741,0.05411593603694085,0.03265380008845835,0.0652826698698995,0.026845807397532936,0.45795331082805085,0.04563993041829459,0.08909892228843347,0.07790860767743206,0.036418031668132275,0.0038598017459437074,0.021006930535657893,0.06644555695384029,0.006038859578499835,0.030825757946636105,0.09256916447935253,0.303601934013474
Bus 5 (Fail) #037,0.15072841698242945,0.006926017811947246,0.07969290466806202,0.009459712414640404,0.11118235195832765,0.419480567621699,0.28609584320390546,0.02494669359409929,0.006208140071031041,0.024518501139998688,0.004184021774599809,0.021371412414810442,0.07202093693588213,0.015754246450603533,0.011984523967651501,0.026229872413802927,0.09109338327944813,0.01572393880649061,0.0030823825655962225,0.31724281259455256,0.3572541304753124,0.022001990124557003,0.1915300875493824,0.5221663847924747,0.07258812203145226,0.22052286145332817,0.0014360722407979539,0.001629266759532184,0.10868601963729663,0.23728639944651395,0.43123348778060844,0.0047189829277691385,0.049481397735390245,0.000828459928409055,0.015231975485812664,0.34627198455835323,0.09204228205218226,0.00403721848434253,0.08801952533717015,0.16479602840893745,0.19416414604500068,0.02903328360681314,0.0002614977317868566,0.011100255521298777,0.012728907866123882,0.20134980326816274,0.18917726331103765,0.6769257071362054,0.07251222566300389,0.06439154215930029,0.010601401640353295,0.028392850842578064,0.05171237014970798,0.11176394489627865,0.008102056478003359,0.039292188796985705,0.0027267291010935582,0.014589063790630019,0.2599293720576058,0.02364412267388199
Bus 29 (Fail) #038,0.07848313068297111,0.05135873668515681,0.009529162915503424,0.053169044968013175,0.038579803779775795,0.271286720275182,0.006019773476828862,0.042252677622024316,0.0010541021968923617,0.1600696778061627,0.20439125099732183,0.10783713959573969,0.006713966468501851,0.07249620066966078,0.45236631095106195,0.005618263780954998,0.12063852414381428,0.06970765388749918,0.016662298636251176,0.0006272741651125039,0.34380234306246704,0.22072251796507258,0.03201033507385853,0.3773984698986257,0.08143458131814225,0.009668381656700363,0.537857030649139,0.03834342283974354,0.05150229111744943,0.16570934725491251,0.05819861988854705,0.10165783389825146,0.41810932373457654,0.01400885240511543,0.3934863152626995,0.02836319225171965,0.010150296802443597,0.6450367684442999,0.050494724393126356,0.7953629425878943,0.0008709725150027316,0.7403273459302502,0.08789380485569706,0.014623840755380113,0.11477573933577813,0.15741046010986634,0.04681388272822189,0.12378997290207808,0.05320794600991237,0.004557030343099354,0.06648066354446372,0.08180418766308145,0.04096409840921665,0.06919336235761622,0.3833517142170095,0.44749065434587343,0.019811880386908436,0.07186895992833517,0.026383694699348575,0.11484722506129665
Bus 19 (Fail) #039,0.15289215302091594,0.30499386221517194,0.003567319868809097,0.07978449007924994,0.3310993013799955,0.5721733885953696,0.007873886297824716,0.129054405210123,0.0008664081567511348,0.018976591377297538,0.19506717980749677,0.05498732932684891,0.05298220061449921,0.08191313393833624,0.07912517698288635,0.3155963777968853,0.018080784376336687,0.014581701344996176,0.750626483809221,0.05016522847661382,0.01294171336471232,0.10220951759540084,0.03426978527806102,0.19800326762810289,0.2080582552003359,0.005970477813711792,0.23497923175583355,0.05420897077415975,0.014960824975002018,0.2851062930466008,0.003364397337060481,0.5565829410995146,0.11669460124453207,0.4517139973284543,0.011433113883951592,0.06899768767294487,0.316580553164626,0.010442220065233569,0.04870914922907288,0.11614747718762168,0.004103333433651674,0.02264180028868904,0.010403896587084724,0.14803382971456916,0.01717294071616153,0.02709225946448533,0.024809881223177593,0.3176648913175794,0.011534307249949066,0.023797079985558342,0.3660463108557298,0.0010539882771192959,0.15760284743148362,0.024237249964061524,0.0168306288907656,0.21826730122371102,0.23479027385996637,0.013133498917311049,0.2056438652905139,0.19890532391822313
Bus 9 (Fail) #040,0.04089494330816808,0.022020722866768545,0.03574921216450606,0.1788960140476227,0.3064208317837035,0.18650132871944924,0.26450669416471,0.046017239770888535,0.08051144142692818,0.18690502962740257,0.08795007898462219,0.014150612284976653,0.0016967558194299326,0.10401722894315149,0.1085870341179537,0.1398889895536801,0.08095514121587458,0.007900530978561492,0.13872218896919097,0.04972386538085668,0.010137439254459622,0.004441549511628264,0.036440885600294945,0.054022168826100336,0.28133372805097956,0.38631655579992724,0.04546598356304849,0.43394286750176014,0.001796293429277892,0.02902147735146225,0.19925897681883542,0.2624141571696394,8.869146564642164e-05,0.4531979751322838,0.027997209798619572,0.3846681273059201,0.1697221850851116,0.004711659179139088,0.00435890284889602,0.030342351243785218,0.05478085875750908,0.04424998925030139,0.06213747715939541,0.3325362337855203,0.0037785459227662696,0.1590252491879508,0.049596136062739285,0.3365439856111501,0.1768780870367929,0.08502168611122915,0.0031563395506892873,0.00017585696169344483,0.048453976439302285,0.389428537026885,0.009533082294358008,0.013025468963532093,0.11799856429684634,0.14580565472641657,0.17739933801783783,0.019443223470394046
Bus 13 (Fail) #041,0.28905479347728963,0.14253013126399197,0.1643026738988354,0.02505931415415872,0.055608942333855056,0.09926159945058768,0.0829338487935942,0.004230893155587918,0.006043164154366176,0.07149709653502943,0.006935451494454329,0.15879959119246767,0.09332713365047143,0.0035324574298234344,0.324069412565135,0.2955397413853394,0.0027052172690238217,0.34762816654121936,0.16952534471541825,0.04324622061679019,0.08546099544637603,0.3924591082185866,0.005994714351802508,0.22487244194261757,0.031035477683131897,0.12306020211411381,0.05777948867471806,0.12383807710570036,0.05393450676016218,0.003471786133413005,0.0024041658103521957,0.04301589055438151,0.17819674043548553,0.1371156695954716,0.3686799688338737,0.06081810238508388,0.10363734982046727,0.06007540769620997,0.04045619740427246,0.1149849347548622,0.0769740199982445,0.05743953970366903,0.101673106724607,0.07608992408808267,5.178912908097307e-05,0.06012398941263987,0.08209794612410241,0.01532378809629409,0.01138173904152743,0.036163010491226916,0.2247955999532322,0.37030787995668063,0.015997131963576317,0.006965288870835727,0.11615783423078882,0.18725976678415718,0.1212124073421065,0.015019597172445748,0.05166347549940739,0.11126074627598838
Bus 25 (Fail) #042,0.2268002345056202,0.015530103202548308,0.17831281845222435,0.00965609914156345,0.19232109663417146,0.10382574367278803,0.40466311971047286,0.12896045464175088,0.002727061512971394,0.14839281446392233,0.20946206933363895,0.23441738322293854,0.278908122775555,0.04882534963933059,0.00355683113942897,0.06856244073368248,0.023002221906908923,0.059828879768268874,0.0023384053506906237,0.0718925226818748,0.21138823289196967,0.01862425742012764,0.0013422758472523071,0.027430128326157842,0.032731637967967284,0.28464541271036314,0.028766856109836605,0.0023226878269836924,0.02838436827050523,0.0031182760408584795,0.19739705752739556,0.0021700835884929017,0.005105102006541853,0.004076710090798092,0.021012067753285256,0.018538440507240683,0.25693314335365336,0.7218122370390916,0.12050199236995497,0.38963907303640777,0.0028102782011463294,0.0033251966465184355,0.20655557327388924,0.06960803356180581,0.02224920901577611,0.09488799538607617,0.26349889353321604,0.11535511352672606,0.03353032983366384,0.03926952453424432,0.66347138551462,0.19753704334046632,0.23957096489507507,0.005626849367271764,0.19658448978528834,0.006650132420820813,0.07780903945387564,0.04468043769324739,0.07515475265477621,0.026114229710179737
Bus 21 (Fail) #043,0.0553517808232719,0.0926478443989906,0.07869728026789648,0.03844943325596681,0.11652162581877588,0.15016024544150042,0.12603975618602517,0.3084889717395432,0.11631628696613398,0.07443734459326036,0.011432062501328886,0.00539990954624386,0.02568031874598753,0.0045893511055831735,0.012810160737416204,0.09855003770912346,0.10165179998550422,0.2751324138226258,0.3491318763214184,0.030620778755851202,0.0009345097574395843,0.03286054081791524,0.2088533692302997,0.15856918564194486,0.2658581400705695,0.038439046040587795,0.4054843755868459,0.05371779207073471,0.0015061449098907108,0.0002909431254008283,0.0005073310923662904,0.07191693681000326,0.09831650784884524,0.3694225385515623,0.069213169997776,0.24424638767287252,0.07250631072346297,0.03256694791114414,0.050953146252443654,0.030094175451109716,0.5889860824618613,0.09044901390610516,0.14041674133856777,0.050177254716894465,0.275634901171902,0.039585615967834574,0.16635497930107107,0.14012598313098418,0.09958304090467215,0.22351230554484802,0.23404905384626104,0.029067914965106814,0.45903015497774285,0.005578403888465213,0.0230739261926771,0.21635307706280704,0.038369728780270396,0.00045122534263828225,0.09118727551102172,0.09065447735474573
Bus 5 (Fail) #044,0.06608334633281741,0.011570830724390092,0.5106300806736231,0.40271878286524077,0.06584630435866484,0.03979634914286115,0.23527271449144563,0.18561499768342285,0.15579489338409266,0.02494315343948443,0.0861784917990285,0.024352902295979167,0.01063294765163832,0.300580934426563,0.08952844882848557,0.06041026664978108,0.07519838272534181,0.9567049422518848,0.5635683457216665,0.0035630901943403542,0.16964999963785032,0.0715289704942373,0.19888117983846887,0.07221347116702159,0.0661306941942727,0.009769591023798652,0.02101497901439737,0.08277736715772495,0.06241587184957782,0.006621360255026078,0.032898831010796936,0.005342187949468866,0.026470532956407666,0.11835952331283728,0.16473650804332537,0.271954923938348,0.20440648398471015,0.019064587515866028,0.01113138488624238,0.6783897819112416,0.02349971397319771,0.6230014533973736,0.023607684519411257,0.20569604711935863,0.0005527676430611075,0.13544531087243725,0.022704099395225115,0.08706602559594707,0.16503013162148183,0.05997599201312616,0.37263672370293766,0.16418896818340956,0.22238750286304315,0.0131954083266815,0.10523963007907201,0.07684395490236082,0.12273374924953907,0.21221489316457082,0.003196256130626019,0.0032228967167778296
Bus 29 (Fail) #045,0.04733196520047273,0.10087416286430781,0.04381581515896547,0.011003778307487715,0.03880524239260548,0.3163114100202027,0.06748921836514202,0.05793568798877597,0.05381547368671111,0.21131630759024372,0.1973818044591145,0.18555874106305514,0.024176274284270338,0.07128582733464418,0.043962840688527835,0.004997806694078849,0.0039620369217286565,0.17535956741760098,0.04508170762593057,0.41016097386425315,0.27320387579677774,0.07839067536155836,0.00846042764980336,0.18424878968565267,0.000775608177937624,0.10209666668529811,0.01875835575188826,0.4136391831953973,0.38717872699479094,0.02495925749470114,0.004575566147783648,0.0011471003580694728,0.024598269499637858,0.15298474049570154,0.005766269651445731,0.5473166842414371,0.11560170258334031,0.01672089360979087,0.23265834586600148,0.07895922116254427,0.165476630605319,0.034056426275032886,0.4115193390451641,0.2939284680376545,0.20919162347440023,0.031925735154319734,0.007388758272528304,0.006506935011285269,0.05660962415058231,0.20003711602844682,0.15509639090423596,0.0018492466815970153,5.148826114109042e-05,0.4092988536875184,0.04658536431690154,0.6081271893648733,0.2128296897965583,0.19037865132181453,0.009345057686043176,0.17359693836437956
Bus 11 (Fail) #046,0.4893523967764981,0.18235799054274887,0.3142381320370676,0.09021237186664828,0.005567450978340854,0.6769656658619313,0.024299844118855458,0.09145428797037483,0.03507296801111425,0.04110983611936554,0.1524246173947629,0.04911498093473327,0.028274140830485656,0.4031432280599765,0.33497300184472045,0.07892080099357929,0.06453820637093001,0.021047738591458996,0.5247333237432842,0.18170353454767665,0.00691752968959845,0.17002925085051468,0.055332536608085875,0.0007122610010129773,0.12103752333251505,0.38874493386951586,0.1296338581418217,0.6083800794115342,0.2837336337249998,0.023483609689397972,0.23145592329297648,0.0896525796311901,0.0004761280558027017,0.3355171852562303,0.017218936928499105,0.04985530188996899,0.14802735316630397,0.00145326332807407,0.17081736470167772,0.11647724827338149,0.039859452310068294,0.0018994067061329821,0.09667337727330341,0.04827558413216406,0.004145351015050217,0.3384050638189992,0.0686717082712904,0.012505419794284637,0.0010807257766165556,0.00736456321503042,0.539972575090841,0.007773245004726478,0.020124621391635372,0.46923598212376233,0.13100731668401083,0.0038407385611608767,0.03558028942272917,0.1360588663253119,0.23783236713260425,0.015698871781008494
Bus 26 (Fail) #047,0.000392607727829251,0.26360594102620105,0.13625837805467972,0.010286311923253936,0.06661471097525162,0.007065627006986082,0.03766631747227335,0.31359761018111515,0.026297127115074734,0.02382740093556421,0.28481843925248396,0.12106086844954653,0.25776046708243155,0.02243402166418925,0.0005812381057535577,0.00404238883017519,0.045863638397720674,0.051100209015790474,0.1702968962988457,0.011185824779262837,0.032880890001916824,0.0008675867696001464,0.15196201915571433,0.09471363311235152,0.17100488934162855,0.10289730659639228,0.16295535613029954,0.014620525310553488,0.0006289357783653188,0.5401839782743051,0.01380688313315422,0.00855808432028045,0.6419398449986016,0.0689578081765351,0.4009404372160418,0.11669020335350577,0.18766977220699185,0.003303985048816029,0.04697827059135107,0.007062521122689586,0.0017422137733391076,0.08610408325444827,0.14800011580221825,0.0011913498285150044,0.06496766878862466,0.43687339151585086,0.0070920637688741146,0.007384755710030672,0.0399603520880535,0.1071796692017242,8.275673094358127e-05,0.20622515446608708,0.06300512958812027,0.010631061534744989,0.07804902292088192,0.062403681570959546,0.20560945366096045,0.4911003865904702,0.4765458761908819,0.23125646935812444
Bus 13 (Fail) #048,0.05939856931732898,0.0029948180827208313,0.004709401696636557,0.25265190774132185,0.2230051692629163,0.019388156033322272,0.009915413465346244,0.1474857570988392,0.0013834770359058667,0.0007863739110820463,0.03689129631878491,0.004703397336482074,0.17573641346603847,0.31480125092690764,0.02804748667295079,0.09312288936632875,0.0264405697626469,0.08772374890868255,0.2879677891674067,0.0026100387390091554,0.06102297399900416,0.00045285539544776665,0.08879407216543964,0.09881147304306437,0.06190546560339053,0.1904451374501498,0.07301008723563365,0.06163620278826193,0.023787764954404485,0.21772465008124864,0.05890440699348498,0.48527951173633527,0.0572640817597749,0.24857215348202696,0.03507656482811473,0.004065411748106231,0.018668835623642775,0.03872895475740462,0.043845690598217746,0.0036098198935841565,0.07005720043474371,0.024105124239846634,0.023984274960799433,0.2091998983814438,0.002514272758397785,0.030884644794121965,0.06346765840890765,0.30250791286141393,0.2448776719425526,0.45864609441238,0.008406563501823823,0.07600887118064785,0.06454461643312268,0.2459146926213932,0.07243159878597415,0.26363944490934954,0.00023702507093780611,0.5493070423876568,0.09322320616706734,0.000331531351222648
Bus 3 (Fail) #049,0.25723464396505386,0.016570122662833295,0.07616059257941944,0.0004976248992376893,0.04619717495309545,0.2703963769449754,0.016145703287995947,0.23353870583012099,0.031042479585218268,0.02775555172948983,0.2604549995273567,0.4887078842619835,0.00311118283172161,0.00440596686129722,0.3143214770685157,0.08715339641793579,0.02089594336569033,0.4791440034090134,0.011433453142350931,0.2515585971033745,0.016406278416708022,0.008747834667168216,0.09318518070800655,0.11509886829002237,0.009475059903781504,0.018626786282375928,0.04863918556684541,0.0012644195753833273,0.29427955339038264,0.31491630299966367,0.004023617812617605,0.09691123306312167,0.028810203245073187,0.021240955381146304,0.006508740205731345,0.024450269363056686,0.2500964684960447,0.0011715011935659893,0.013276599722380511,0.021609416272080226,0.04807950363036128,0.18178659838690253,0.12586296401517505,0.025226697358675002,0.009611442961239135,0.3246767449881678,0.38227520511026325,0.2976412608873813,0.0037689013838083456,0.21937737822880687,0.27980693015745683,0.26382202949249267,0.12039249003403689,0.17424915638598973,0.5605222149120522,0.028361833863565365,0.10613253047436648,0.006451490756749395,0.2842387039780677,0.07805969316679776
Bus 20 (Fail) #050,0.33823143846590686,0.1198952250877904,0.11493309069556149,0.12581337006997168,0.01173851292109978,0.24880297157476064,0.07830084266223875,0.010260924018518903,0.10454751554325649,0.10358118492265325,0.11117861396892467,0.4484377402750364,0.4254013164165693,0.2007192463097155,0.0004644657612172916,0.11395643626296918,0.004853752455997901,0.49792987069564454,0.038953018115472575,0.024587559233644717,0.10016863146720946,0.3634759745780109,0.013776476512324245,0.026907981500365163,0.00946218618550135,0.34468162601225794,0.35413230194478756,0.1404809987152505,0.038466430521383196,0.11088513764106275,0.24510966602892592,0.1299536761599894,0.012115731268556152,0.509170480625926,0.07275643214146854,0.0003273452375223881,0.13906314391026653,0.15958539169596087,0.0030345394996770443,0.1418124585924455,0.20589856696547654,0.0963142260441162,0.06813368318649424,0.13841830127612215,0.1313629578861786,0.007329091657447338,0.11602762883004289,0.10755219184099042,0.0035415510095610555,0.22863465636792568,0.019208856602701954,0.07223838994647666,0.2029258110044717,0.27945345671428695,0.07463705483430505,0.1381804956964687,0.03801290963215756,0.0036907431408526046,0.5297330551008151,0.10118293595542566
Bus 28 (Fail) #051,0.016843490932285866,0.26909220222396163,0.00775673666235979,0.1348622125612534,0.027806878030709883,0.14325407522235445,0.10757410372707665,0.35877240074411626,0.013152943853582292,0.43053082743108784,0.01596209054395429,0.1300535091841341,0.35117614184689583,0.3906555747456646,0.10184295463505892,0.008811054967470042,0.06787788966198613,0.055786055559277306,0.014579219602749636,0.007915856086930474,0.11312623544527764,0.09772440620582229,0.07322806111478355,0.020360533215620574,0.0018510891709815585,0.007276939520119477,0.0034014028620033207,0.10596309406815327,0.2916548375980257,0.1129173561499818,0.2196733760061541,0.01605489589608431,0.0006438136942678054,0.4303034991934883,0.4943069339568182,0.28372163046893745,0.001646580385501027,0.007623877173755273,0.09168616910390863,0.21133905097067623,0.17770679455492333,0.18110128291000496,0.03858336893326346,0.08169261013675289,0.04282659146743007,0.18565046354909173,0.001372244956387157,0.000874091179226645,0.0008589155463892344,0.23755523830198358,0.052926917617608246,0.010357595803235134,0.09630413324705639,0.16807947258928946,0.044101505407600924,0.06277059659219673,0.06723477883781888,0.20060117653594903,0.12870877274845116,0.015159946637459575
Bus 10 (Fail) #052,0.027309902679738433,0.0022293616212755007,0.26532977960517756,0.5820753587627714,0.05441560527308937,0.10209164924594291,0.2111438165409337,0.0005703189287571772,0.16586938761052866,0.36426314889938327,0.09671236009832314,0.029655122187602287,0.061438763670638705,0.02097287880068503,0.019755750803625564,0.10087755637216898,0.13518526916208556,0.8409580613117535,0.3171678578456401,0.055143655623746124,0.06330253115500178,0.16273682006598061,0.18256755139267572,0.1730144922219183,0.04443545052306644,0.05181314856888801,0.33442965253655754,0.005539283058350269,0.00400326331349238,0.03062215582032754,0.0031862321387576007,0.07842927852327101,0.05429790096627819,0.21281993645993091,0.12630994182391572,0.0004908472870713122,0.33081969471087697,0.025630790904651507,0.05925645647048458,0.13710901680823162,0.009254064040420023,0.18850225642114232,0.03662623307516165,0.029035734083702275,0.005107868603846664,0.6100620283243255,0.00503141264019547,0.6780675512903126,0.13562004647671488,0.08692563261365877,6.912464624398543e-05,0.009086592346548588,0.0005188552619811261,0.023899843516579023,0.05280726936898797,0.04653892284706117,0.00042541391611865986,0.03653669426971928,0.26385145756381434,0.08707181318544271
Bus 32 (Fail) #053,0.059163186321377036,0.43883112913468514,0.004410413027839053,0.031983981808779,0.09070331671316793,0.006127495607109449,0.005073748830011857,0.31914626706692095,0.09438608894384926,0.1470326660319648,0.20317624626822176,0.1587853212931661,0.06801734002589452,0.0402185194922228,0.012567157355695649,0.5272265300915915,0.07283515656316782,0.5878062394609784,0.011951938983761628,0.18497621021364907,0.011193733292381103,0.5601375240148361,0.1355660117617261,0.034114472941291225,0.12749200438358932,0.07924249683123709,0.021525676696157063,0.035523192329402487,0.132647994576909,0.10530756910718207,0.1711469410731467,0.10993353897594663,0.02453167005834051,0.008521114003509432,0.2317863173087565,0.010531512469338027,0.0004693396624186832,0.23314231249474676,0.03523360008552774,0.007128761257401928,0.05231874428904625,0.0589245583300492,0.37972251395584955,0.3430862845256083,0.22088492445077723,0.05226598468671851,0.05308427081419116,0.01644843002356676,0.1937825668459788,0.11958244417792988,0.5910010187931815,0.11286619442607966,0.012475226441155878,0.0015502988773995437,0.43885281827178235,0.4023965332988495,0.02367577832518781,0.1037742819944476,0.2946412880337877,0.15527092263917128
Bus 21 (Fail) #054,0.008716140024658352,0.021407252861094014,0.01175214521908682,0.002244328863814972,0.011613763804531312,0.1440065449348863,0.11931032185824823,0.5794463628831568,0.011124867591729006,0.10562172246160981,0.2032755255400359,0.005609627713592784,0.10438505560729178,0.11693956803427996,0.041764788725221116,0.011681327209831638,0.24426255981510478,0.1047705620918774,0.06376007034797486,0.5628114640250381,0.0045169367254758955,0.07924809941462864,0.00025190586524443537,0.22055685586972415,0.19813371929697468,0.09806707245131174,0.11439502693991832,0.03186470078870394,0.36757469571142787,0.21214778606601808,0.10418098951367993,0.041528958105613134,0.11901662355527143,0.2624848353392831,0.3661678276118842,0.11839899633860264,0.024650048163321073,0.09558034954197638,0.1491479954165412,0.011025040539124798,0.13605788754522266,0.005638118413519165,0.0034896388609024563,0.0026532264917911905,0.0064037441309624295,0.010064004199700917,0.1417292921653362,0.0316525106938764,0.06957364622511768,0.04471896027365516,0.08104154311581138,0.18466354714491243,0.0472731853253433,0.04103020300568558,0.0011773144649765803,0.3125763099778145,0.017268315089774524,0.2563707685516005,0.0027362778390673916,0.018322124796886514
Bus 6 (Fail) #055,0.06332151843624381,0.03511340898314431,0.590433008707964,0.11297911361536975,0.49701767771507505,0.1086780515821714,0.012766421934331881,0.009098427941955641,0.10668791036008649,0.16158225218321604,0.20549605079252783,0.21007202263322272,0.0919316341260956,0.01735553161792218,0.05591396122856679,0.01141322657297764,0.0038650417841399084,0.0054681729133681245,0.11395942892245219,0.008375858658396424,0.13888437104482343,0.0014218875000517914,0.031052950096207312,0.058551530988122026,0.019433678244772056,0.047872933263326256,0.007299914748206294,0.494843007324281,0.17836294995372118,0.13128994477433775,0.364598516162676,0.0042886681379878935,0.19268429350666672,0.11891223456992,0.022300171823495862,0.26535543904590014,0.000670525133541476,0.20304086034304022,0.024821032740728912,0.023063544073968184,0.6634917023931398,0.1596129232060923,0.523200079968872,0.12194801834435606,0.16601031533137575,0.0035086001567299074,0.03324743417038789,0.09158917805371583,0.10042979609032954,0.0021017938921472747,0.004500105974412975,0.02002245609149971,0.010895221362958406,0.1476725329733378,0.7673090125822063,0.8473164592349487,0.0035272001118613165,0.3622223630146451,0.00025084940776333187,0.021501765920913816
Bus 11 (Fail) #056,0.3835763959172622,0.26002308517593575,0.041567132534761145,0.08664865588532418,0.0022666789715806274,0.194665349128896,0.07257092475557606,0.00010425662318933369,0.08121104867082221,0.004337040393856099,4.28439743710643e-05,0.23901227199952746,0.19088416773890865,0.02321997376445746,0.13005923100488598,0.005302344467402957,0.07601580371322059,0.5242426135320508,0.03508057549604492,0.06812015241642859,0.021972514657344813,0.11707314427656014,0.2152524710310633,0.1958884762106221,0.07156152689802947,0.00984064452618443,0.0968308075053017,0.04255350751172858,0.18258246950034335,0.7856397036071389,0.11408774446373898,0.023107154671206595,0.013792701579523082,0.24505136631211527,0.04262274081291911,0.25855542326074527,0.01868339878023182,0.10106761279417814,0.03799096004146808,0.025310879448616277,0.0641723701616155,0.19174660458396994,0.0027770030042470837,0.04403785503520274,0.3996099590340341,0.6602317888217537,0.02910193061721958,0.36032068849607357,0.029953665478481068,0.0009927852906338039,0.0014865820131990132,0.00015837315597143288,0.18743959745197858,0.025291271759115778,0.21767886456854357,0.23980921199396008,0.5360859294625953,0.07041776633527497,0.015896155853891397,0.004807958220386786
Bus 19 (Fail) #057,0.038211540653686545,0.4268837321097628,0.0419113653935711,0.011125899816655897,0.013121424033147672,0.0022779867257753062,0.049753390116286114,0.01390528363070062,0.022602379084749966,0.15848643394691658,0.007380783140820535,0.05541346001095687,0.014982796790996046,0.00047230399965984956,0.01775970814160756,0.00038210562515913387,0.28542675740153345,0.011800764127237049,0.2996100691161679,0.021880074925347076,0.0011438525804874982,0.0005775719308928685,0.09934247848915558,0.11908158088510551,0.20994187216473287,0.12665604614709064,0.021541959557687042,0.6050149353205365,0.11559022256437618,0.031345008196167104,0.11681315571535938,0.1248747536818787,0.3244086657620018,0.08287552508429027,0.08188585614992178,0.13932309331915524,0.0720143813949922,0.15812089395587944,0.01952180378805722,0.07219301156039877,0.5590349449957258,0.004245333459763636,0.06031182304274822,0.07508995758512561,0.2581213082533039,0.5483488805380874,0.009152879492216002,0.10106231207164418,0.07510858534809009,0.061105141179114114,0.012345381759131255,0.11180171147414314,0.04371896349796116,0.047700691039088,0.39802553628055526,0.008522928133795543,0.4187175540480469,0.0393297579537125,0.15368091095481848,0.03896736835452921
Bus 18 (Fail) #058,0.08856989083358925,0.3869946631444786,0.0033130716558315266,0.04646925136826532,0.012780437312173331,0.024434126130379482,0.10277460730842738,0.0006975701379412459,0.19766372442246957,0.002313733175075103,0.013085889357704775,0.16340974019063192,0.03804312157541991,0.26176683631189607,0.264497163449776,0.11494299987328549,0.005195008179506987,0.4751192418221556,0.01999271411997698,0.07340911119816525,0.0012027090340827789,0.18708613791895265,0.00550666507783175,0.028555611262525742,0.11240067012456947,0.20144509874779948,0.015351394837115687,0.009480238888301074,0.0417649537978482,0.19525599973121768,0.005742334103640492,0.16299300150399693,0.0918689576200347,0.20199421360710149,0.08314254292694266,0.004286725200495703,0.051278965996557985,0.02068317202670747,0.11025517495150856,0.17292237792566506,0.06839936632659976,0.10927416017032414,0.11331531797711032,0.20486538404270768,0.01092760838145101,0.0012279560647848256,0.22257701280619163,0.06894743188046729,0.001289666423472686,0.031251877974121996,0.06857190025271584,0.001991749625827513,0.00043033137816869964,0.11449382358921167,0.013204228581250355,0.1419845169216024,0.008463123225077172,0.21114985936556988,0.017716686660860462,0.29508756899783295
Bus 14 (Fail) #059,0.23946504334065408,0.4074407490241888,0.1942700433395118,0.0032657820333823664,0.005498747358523704,0.09082964137620402,0.00808743095957268,0.005617001559102599,0.032549789871988394,0.14444377634674083,0.026795779766911054,0.30009028220558964,0.02335958024554561,0.00025170264468286945,0.009391243805509594,0.21411660305430896,0.045122528932310335,0.14136669184226852,0.00857455651837048,0.11795976811908572,0.0010645625351906574,0.0008585028083857068,0.011302368756923649,0.6182077434161357,0.1713416774941418,0.03240675963524105,0.12488998925831643,0.0011774845092457154,0.03488305357791639,0.5358731514970695,0.18684094174863228,0.008048610797970965,0.08808219351259886,0.3138738040866318,0.14330943138119567,0.07052607026772391,0.056577405802533544,0.1749897760493947,0.02652718374722848,0.2059299596638369,0.009632202609433722,0.04637964118909123,0.21616656710085494,0.4989200668132008,0.16824038597673527,0.2263416329254159,0.1561018320449075,0.004164416720522707,0.0622938326716015,0.11379351978048902,0.08946440041575106,0.41793152575610015,0.07241275319522962,0.001916920107758345,0.18998107503253076,0.002026982659131516,0.20197363076968006,0.37313618417246175,0.19626586684370795,0.00936664573187553
